{"cameraMode":{"drawMode":0,"name":"Shaded","section":"Shading Mode"},"sceneLighting":false,"audioPlay":false,"sceneViewState":{"showFog":true,"showMaterialUpdate":false,"showSkybox":false,"showFlares":true,"showImageEffects":true,"showParticleSystems":true},"in2DMode":false,"pivot":{"x":0.0000017881393432617188,"y":1.5140886306762696,"z":0.016342580318450929},"rotation":{"x":-0.4815366268157959,"y":-0.05252537131309509,"z":0.02892691269516945,"w":-0.8743722438812256},"size":8.743553161621094,"orthographic":false}