{"cameraMode":{"drawMode":0,"name":"Shaded","section":"Shading Mode"},"sceneLighting":true,"audioPlay":false,"sceneViewState":{"showFog":true,"showMaterialUpdate":false,"showSkybox":true,"showFlares":true,"showImageEffects":true,"showParticleSystems":true},"in2DMode":false,"pivot":{"x":1.0128672122955323,"y":6.383918285369873,"z":-1.6534862518310547},"rotation":{"x":-0.041857991367578509,"y":0.07755779474973679,"z":0.0032595274969935419,"w":0.9961034655570984},"size":45.58076477050781,"orthographic":false}