{"cameraMode":{"drawMode":0,"name":"Shaded","section":"Shading Mode"},"sceneLighting":true,"audioPlay":false,"sceneViewState":{"showFog":true,"showMaterialUpdate":false,"showSkybox":true,"showFlares":true,"showImageEffects":true,"showParticleSystems":true},"in2DMode":false,"pivot":{"x":-6.2411651611328129,"y":0.8598480224609375,"z":10.435546875},"rotation":{"x":-0.1912895292043686,"y":-0.18139144778251649,"z":0.035998567938804629,"w":-0.9639552235603333},"size":14.893982887268067,"orthographic":true}